AudioID,Kind,Bus,Source,Required,Status
MUSIC_VILLAGE,Music,Music,Musics/23 - Road.ogg,Yes,Ready
MUSIC_VILLAGE_ALT,Music,Music,Musics/26 - Lost Village.ogg,No,Ready
MUSIC_DOCK,Music,Music,Musics/18 - Aquatic.ogg,Yes,Ready
MUSIC_CASTLE,Music,Music,Musics/10 - Dark Castle.ogg,Yes,Ready
MUSIC_BOSS,Music,Music,Musics/28 - Tension.ogg,Yes,Ready
VOICE_NINJA,Voice,Voice,Audio/Sounds/Voice/Voice1~10.wav,Yes,Ready
SFX_DOG,Event,SFX,Audio/Sounds/Creature/Dog.wav,Yes,Ready
SFX_SUCCESS,UI,UI,Audio/Jingles/Success1~4.wav,Yes,Ready
SFX_MEOW,Action,SFX,audio/sfx/cat_meow_short.wav;audio/sfx/cat_meow_bright.wav;audio/sfx/cat_meow_low.wav,Yes,Ready-Original-Generated
SFX_THUNDER,Environment,Ambient,FX/Elemental/Thunder,Yes,Ready
SFX_RAIN,Environment,Ambient,FX/Particle/Rain.png,Yes,Visual-Only
SFX_INTERACT,Action,SFX,Existing success cue reused,Yes,Ready-Local-Reuse
SFX_PICKUP,Action,SFX,Existing emote cue reused,Yes,Ready-Local-Reuse
SFX_PLACE,Action,SFX,Existing success cue pitched,Yes,Ready-Local-Reuse
SFX_ROUTE_CHANGE,UI,UI,Existing read-map cue pitched,Yes,Ready-Local-Reuse
SFX_DAMAGE,Event,SFX,Existing fail cue pitched,Yes,Ready-Local-Reuse
SFX_BOSS_PHASE,Event,SFX,Existing read-map cue pitched,Yes,Ready-Local-Reuse
SFX_SHORTCUT,Action,UI,Existing read-map cue pitched,Yes,Ready-Local-Reuse
SFX_VICTORY,UI,UI,Existing success cue pitched,Yes,Ready-Local-Reuse
