Suite,Case,Precondition,Action,Expected,Priority
Boot,BOOT_001,Debug build,Start project,Debug overlay loads,P0
Boot,BOOT_002,Debug build,Open console,Help command responds,P0
Level,LVL_001,Data present,Load each L01-L12,No missing LevelData,P0
Event,EVT_001,46 EventData expected,Enumerate all events,Count=46,P0
World,WLD_001,Any level,Reset level,WorldState returns level defaults,P0
World,WLD_002,L07/L08,Change dependency state,Downstream event reacts deterministically,P0
Score,SCR_001,Complete level,Submit result,ScoreResult generated once,P0
Save,SAV_001,New profile,Save completion,Progress persists,P0
Save,SAV_002,Existing best,Replay worse result,Best score unchanged,P1
Flow,FLW_001,L01 complete,Next,Open L02 only once,P0
Flow,FLW_002,L12 complete,Next,Return chapter-complete flow,P0
Flow,FLW_003,Result open,Retry,Reload same level with fresh run state,P0
Boss,BOS_001,L12,Set phase PREPARE,Prep state enters,P0
Boss,BOS_002,L12,Set phase PHASE_2,Caltrop remains available,P0
Boss,BOS_003,L12,HP<=1,Trigger emergency,Complete at 1 paw,P0
Boss,BOS_004,L12,Finish boss,No deadlock after phase transition,P0
Input,INP_001,Bindings loaded,Rebind interact,UI reflects new binding,P1
Audio,AUD_001,Audio manager loaded,Change boss phase,Music state changes,P1
UI,UI_001,HUD loaded,Change suspicion,Eye state updates,P1
QA,QA_001,Debug build,Run validate,No contract errors,P0
QA,QA_002,Debug build,Run reset,Debug state returns defaults,P0
Release,REL_001,Release build,Debug autoload disabled,No console available,P0
Release,REL_002,Release build,QA shortcuts absent,No cheat path,P0
